Name,Address,Rating,Price
OYO 30693 Hotel Blue Executive,"On main street, Near Saki Vihar complex, Sakinaka,Mumbai",4,₹1519
OYO 9957 Hotel Terminus Square,"Near Tilak nagar Railway Station, Chembur, Mumbai",No rating found,₹2927
OYO 69377 Hotel Ruby,"Near Akbarpeer Bhoy College, Kamathipura, Mumbai",No rating found,₹1575
Collection O Executive Stays 40270 DSP Hotels,"Navi Mumbai, Mumbai",4.1,₹1327
OYO 27640 Hotel Blue Sapphire Residency,"Near The Crescent Business Park, Sakinaka, Mumbai",4.5,₹1349
OYO 79617 Hotel Ahlan International,"Saki Vihar Road, Mumbai",3.9,₹1049
SilverKey Executive Stays 61106 Bhumi World,"Mumbai, Mumbai",3.9,₹2020
OYO 72564 Om Sai Lodge Hotel,"Near MGM Hospital Asudgoan, Khanda Colony Panvel",4.4,₹2475
OYO 6202 Ashir Inn,"Opp. Seven Hills Hospital, Andheri East, Mumbai",4.5,₹1099
OYO 61623 Hotel Homestay,"Near Time Square, Mittal Industrial Estate, Mumbai",4,₹1449
SPOT ON 63743 Jayesh Lodging And Boarding,"Near Vishal Resturant, National Highway, Mumbai",No rating found,₹799
Collection O 81194 Comfortable Stays Panvel,"Maharashtra, Mumbai",3.5,₹1349
Capital O 77851 Hotel Jr Residency,"India, Mumbai",4.4,₹3454
OYO Flagship 81777 Hotel Sea Lord,"India, Mumbai",No rating found,₹1099
Collection O 83805 De Meridian Hotel,"Near Seven Bungalow Beach, Behind Shakti Kapoor Bungalow, Andheri West",No rating found,₹1693
"OYO Townhouse 593 Peaceful studio,Virar","Palghar, Mumbai",4.1,₹3186
Collection O 81088 Hotel West Inn,"Andheri (E), Mumbai",3.6,₹1349
OYO 7407 Hotel Blue Sea,"On main street, Near Asalpha Metro Station, Ghatkopar, Mumbai",3.5,₹1600
OYO 12693 Manori Resort,"Near Manori Beach, Malad, Mumbai",4,₹1349
OYO Flagship 66785 Hotel Oyster Suites,"Andheri West, Mumbai",3.7,₹2629
